{
    "m1": 979763.7185354857,
    "m2": 10049.447532668266,
    "a": 0.8726180011384663,
    "p0": 28.92349001335842,
    "e0": 0.5012449465434765,
    "xI0": 1.0,
    "dist": 33.1765439,
    "qS": 1.04719755,
    "phiS": 0.785398163,
    "qK": 0.628318531,
    "phiK": 0.523598776,
    "Phi_phi0": 0.1,
    "Phi_theta0": 0.2,
    "Phi_r0": 0.3
}