{
    "m1": 1000000.0,
    "m2": 10000.0,
    "a": 0.9,
    "p0": 28.5813146,
    "e0": 0.5,
    "xI0": 1.0,
    "dist": 33.1765439,
    "qS": 1.04719755,
    "phiS": 0.785398163,
    "qK": 0.628318531,
    "phiK": 0.523598776,
    "Phi_phi0": 0.1,
    "Phi_theta0": 0.2,
    "Phi_r0": 0.3
}